{
  // 插件 ID，对应 uni.requireNativePlugin 调用时的名称
  "name": "JitsiMeetModule",
  // 插件版本号，可根据需要自行维护
  "version": "1.0.0",
  // 插件描述
  "description": "Jitsi Meet Android SDK 原生插件",
  // 支持的平台
  "platforms": ["android"],
  // 所需的 Android 权限
  "permissions": [
    "android.permission.CAMERA",
    "android.permission.RECORD_AUDIO"
  ],
  // Android 平台配置
  "android": {
    // Java/Kotlin 源码目录
    "src": ["src/android"],
    // 第三方 AAR 库，需放到 libs 下
    "libs": ["libs/jitsi-meet-sdk-3.8.0.aar"]
  }
} 