{
	"pages": [
		{
			"path": "pages/index/index",
			"style": {
				"navigationStyle": "custom"
			}
		},
		{
			"path": "pages/profile/profile",
			"style": {
				"navigationStyle": "custom"
			}
		},
		{
			"path": "pages/login/login",
			"style": {
				"navigationBarTitleText": "登录"
			}
		},
		{
			"path": "pages/profile/change-password",
			"style": {
				"navigationStyle": "custom"
			}
		},
		{
			"path": "pages/intercom/intercom",
			"style": { "navigationStyle": "custom" }
		},
		{
			"path": "pages/meeting/meeting",
			"style": { "navigationBarTitleText": "会议" }
		},
		{
			"path": "pages/meeting/index",
			"style": { "navigationBarTitleText": "会议" }
		},
		{
			"path": "pages/meeting/room",
			"style": { "navigationBarTitleText": "会议房间" }
		},
		{
			"path": "pages/meeting/iframe",
			"style": { "navigationBarTitleText": "会议" }
		}
	],
	"globalStyle": {
		"navigationBarTextStyle": "black",
		"navigationBarTitleText": "uni-app",
		"navigationBarBackgroundColor": "#F8F8F8",
		"backgroundColor": "#F8F8F8"
	},
	"uniIdRouter": {},
	"tabBar": {
		"color": "#666",
		"selectedColor": "#2196f3",
		"backgroundColor": "#ffffff",
		"list": [
			{
				"pagePath": "pages/index/index",
				"text": "首页"
			},
			{
				"pagePath": "pages/profile/profile",
				"text": "个人中心"
			}
		]
	}
}
